{
    "intents": [
        {
            "emotion": [
                0.10048508644104004,
                0.7035657167434692,
                0.0008456408977508545
            ],
            "speech": [
                0.6806968450546265,
                0.00010854078573174775,
                0.26653873920440674
            ],
            "output": "i like soup"
        },
        {
            "emotion": [
                0.008233249187469482,
                0.0018484294414520264,
                0.9709293246269226
            ],
            "speech": [
                0.009019553661346436,
                0.9784093499183655,
                0.0021185576915740967
            ],
            "output": "turn on the tv"
        }
    ]
}